variable,count,mean,std,min,25%,50%,75%,max,original
dummy1,1000.0,0.0001305671551290352,0.009723857604362271,-0.0312708904474185,-0.0059178454869029,-0.00030079689854505,0.0064532161793869,0.0283759801879415,-0.0143199024067671
dummy2,1000.0,-0.00028747073300314663,0.010919958899645676,-0.0382953291373204,-0.007461112910449875,-5.4399723488559215e-05,0.00684130882914445,0.0316779290150561,-0.0117071810483568
x1,1000.0,-0.005436261461934749,3.0642344304335176,-8.627867347914155,-2.0472802047239065,0.0537849174537092,1.9230846481056914,28.20500701681066,28.20500701681066
x2,1000.0,-0.29039764571890087,7.97390352085673,-25.12390883265221,-5.6453220281363725,-0.3425286882098497,4.774370157469106,75.05119023443541,75.05119023443541
x3,1000.0,0.08406927196894902,1.7515681620489794,-4.740035360800465,-0.9876566132922115,0.0440671482451296,1.1884362729855362,17.750923001267694,17.750923001267694
